Mi XXQ02HM  Runtime: 60 min Trimmer for Men,₹999,4.3,https://rukminim1.flixcart.com/image/612/612/kdnf98w0-0/trimmer/s/y/e/0-5-10-mm-stainless-steel-xxq02hm-cordless-mi-original-imafug358t8cxzzk.jpeg?q=70,https://www.flipkart.com/mi-xxq02hm-runtime-60-min-trimmer-men/p/itm32a3d84262c02?pid=TMRFU2U8KTSPVHWU&lid=LSTTMRFU2U8KTSPVHWUCKU2D6&marketplace=FLIPKART&srno=s_1_1&otracker=search&fm=organic&iid=d7b7bd89-e5ac-43d7-b3e0-3e2ac65af502.TMRFU2U8KTSPVHWU.SEARCH&ssid=47gcn3r5k00000001599067771448&qH=9ca91fd2ee5f4b46
CLOUD FINGER PULSE OXIMETER CL-001 + OLED Digital Finge...,₹420,3.8,https://rukminim1.flixcart.com/image/612/612/kd4uj680/pulse-oximeter/y/p/4/cloud-finger-pulse-oximeter-cl-001-oled-digital-finger-pulse-original-imafu32z72pwrxgb.jpeg?q=70,https://www.flipkart.com/cloud-finger-pulse-oximeter-cl-001-oled-digital-spo2h-blood-oxygen-monitor-arterial-saturation-rate-heart-medical-health-monitoring-device-automatic-shutdown-fintertip-measuring-human-hemoglobin/p/itmf93ee1dc8eaca?pid=POXFUFYYC6KVTYP4&lid=LSTPOXFUFYYC6KVTYP4CJSRPI&marketplace=FLIPKART&srno=s_1_2&otracker=search&fm=organic&iid=d7b7bd89-e5ac-43d7-b3e0-3e2ac65af502.POXFUFYYC6KVTYP4.SEARCH&ssid=47gcn3r5k00000001599067771448&qH=9ca91fd2ee5f4b46
Philips BT3101/15  Runtime: 45 min Trimmer for Men,"₹1,449",4.3,https://rukminim1.flixcart.com/image/612/612/kb5eikw0/trimmer/z/d/n/0-5-10-mm-bt3101-15-stainless-steel-cordless-philips-original-imafsjquyq2hapug.jpeg?q=70,https://www.flipkart.com/philips-bt3101-15-runtime-45-min-trimmer-men/p/itm67af0f542016d?pid=TMRFSEJ5WSW82ZDN&lid=LSTTMRFSEJ5WSW82ZDNL70AAU&marketplace=FLIPKART&srno=s_1_3&otracker=search&fm=organic&iid=d7b7bd89-e5ac-43d7-b3e0-3e2ac65af502.TMRFSEJ5WSW82ZDN.SEARCH&ssid=47gcn3r5k00000001599067771448&qH=9ca91fd2ee5f4b46
Butterfly Rapid Kettle 1.5 Litre + Eco 750 Ml Water Bot...,₹799,4.3,https://rukminim1.flixcart.com/image/612/612/k0wqwsw0/electric-kettle/g/t/d/butterfly-rapid-kettle-1-5-litre-wave-750-ml-water-bottle-rapid-original-imafkfy7zaekbubs.jpeg?q=70,https://www.flipkart.com/butterfly-rapid-kettle-1-5-litre-eco-750-ml-water-bottle/p/itmf3c7b5f9a57e6?pid=EKTFJP94HGT3MGTD&lid=LSTEKTFJP94HGT3MGTDN4XD2L&marketplace=FLIPKART&srno=s_1_4&otracker=search&fm=organic&iid=d7b7bd89-e5ac-43d7-b3e0-3e2ac65af502.EKTFJP94HGT3MGTD.SEARCH&ssid=47gcn3r5k00000001599067771448&qH=9ca91fd2ee5f4b46
Philips BT1212/15  Runtime: 30 min Trimmer for Men,₹942,4.2,https://rukminim1.flixcart.com/image/612/612/jtoorrk0/trimmer/4/e/q/bt1212-15-philips-original-imafez6tfxturfq5.jpeg?q=70,https://www.flipkart.com/philips-bt1212-15-runtime-30-min-trimmer-men/p/itmbdbf790ab1928?pid=SHVEWMCFMZNYH4EQ&lid=LSTSHVEWMCFMZNYH4EQQOY391&marketplace=FLIPKART&srno=s_1_5&otracker=search&fm=organic&iid=d7b7bd89-e5ac-43d7-b3e0-3e2ac65af502.SHVEWMCFMZNYH4EQ.SEARCH&ssid=47gcn3r5k00000001599067771448&qH=9ca91fd2ee5f4b46
Kemei KM - 809A  Runtime: 240 min Trimmer for Men,₹995,4.2,https://rukminim1.flixcart.com/image/612/612/kd7pevk0/trimmer/m/h/6/0-5-20-mm-stainless-steel-km-809a-professional-rechargeable-and-original-imafu5pavz3akyyr.jpeg?q=70,https://www.flipkart.com/kemei-km-809a-runtime-240-min-trimmer-men/p/itm15cb2cbdd6db4?pid=TMRFTK6BG6YHXVKG&lid=LSTTMRFTK6BG6YHXVKGT89GRO&marketplace=FLIPKART&srno=s_1_6&otracker=search&fm=organic&iid=d7b7bd89-e5ac-43d7-b3e0-3e2ac65af502.TMRFTK6BG6YHXVKG.SEARCH&ssid=47gcn3r5k00000001599067771448&qH=9ca91fd2ee5f4b46
Dr. Morepen BG-03 Glucometer And 25 strips Glucometer,₹551,4.2,https://rukminim1.flixcart.com/image/612/612/kbb49zk0/glucometer/x/v/c/bg-03-glucometer-and-25-strips-bg-03-glucometer-and-25-strips-dr-original-imafszjgbwq96awh.jpeg?q=70,https://www.flipkart.com/dr-morepen-bg-03-glucometer-25-strips/p/itm76dd2b08a356a?pid=GLMDMS69W8QTZXVC&lid=LSTGLMDMS69W8QTZXVCNEUVWR&marketplace=FLIPKART&srno=s_1_7&otracker=search&fm=organic&iid=d7b7bd89-e5ac-43d7-b3e0-3e2ac65af502.GLMDMS69W8QTZXVC.SEARCH&ssid=47gcn3r5k00000001599067771448&qH=9ca91fd2ee5f4b46
Aastha Steamer Facial Steam Inhaler & Facial Sauna 3 In...,₹206,3.6,https://rukminim1.flixcart.com/image/612/612/j110uq80/vaporizer/y/f/4/all-in-one-facial-steam-all-in-one-axtry-original-imaecekhzgf68thp.jpeg?q=70,https://www.flipkart.com/aastha-steamer-facial-steam-inhaler-sauna-3-1-vaporizer/p/itmecffwx73fvtfa?pid=VAPECFFWQFN9BFHV&lid=LSTVAPECFFWQFN9BFHV8TC7ME&marketplace=FLIPKART&srno=s_1_8&otracker=search&fm=organic&iid=d7b7bd89-e5ac-43d7-b3e0-3e2ac65af502.VAPECFFWQFN9BFHV.SEARCH&ssid=47gcn3r5k00000001599067771448&qH=9ca91fd2ee5f4b46
"DCS Kemei KM-730  Shaver For Men, Women",₹325,3.8,//img1a.flixcart.com/www/linchpin/fk-cp-zion/img/placeholder_9951d0.svg,https://www.flipkart.com/dcs-kemei-km-730-shaver-men-women/p/itmf3f9zk4wdje3x?pid=SHVF3F62RCYT4CV8&lid=LSTSHVF3F62RCYT4CV8CWPHE7&marketplace=FLIPKART&srno=s_1_9&otracker=search&fm=organic&iid=d7b7bd89-e5ac-43d7-b3e0-3e2ac65af502.SHVF3F62RCYT4CV8.SEARCH&ssid=47gcn3r5k00000001599067771448&qH=9ca91fd2ee5f4b46
Nova Prime Series NHT 1085  Runtime: 45 min Trimmer for...,₹899,4.1,//img1a.flixcart.com/www/linchpin/fk-cp-zion/img/placeholder_9951d0.svg,https://www.flipkart.com/nova-prime-series-nht-1085-runtime-45-min-trimmer-men/p/itm263730f8e58f9?pid=SHVENAZ5AQNMDGYA&lid=LSTSHVENAZ5AQNMDGYAKNSAM4&marketplace=FLIPKART&srno=s_1_10&otracker=search&fm=organic&iid=d7b7bd89-e5ac-43d7-b3e0-3e2ac65af502.SHVENAZ5AQNMDGYA.SEARCH&ssid=47gcn3r5k00000001599067771448&qH=9ca91fd2ee5f4b46
Dr. Trust DT-025 Waterproof Flexible Tip Digital Thermo...,₹300,4.2,//img1a.flixcart.com/www/linchpin/fk-cp-zion/img/placeholder_9951d0.svg,https://www.flipkart.com/dr-trust-dt-025-waterproof-flexible-tip-digital-thermometer/p/itmema4t6kkzdzdm?pid=DTHEMA4THZURQJEJ&lid=LSTDTHEMA4THZURQJEJVYKOBL&marketplace=FLIPKART&srno=s_1_11&otracker=search&fm=organic&iid=d7b7bd89-e5ac-43d7-b3e0-3e2ac65af502.DTHEMA4THZURQJEJ.SEARCH&ssid=47gcn3r5k00000001599067771448&qH=9ca91fd2ee5f4b46
Bajaj Majesty DX 6 1000 W Dry Iron,₹635,4.2,//img1a.flixcart.com/www/linchpin/fk-cp-zion/img/placeholder_9951d0.svg,https://www.flipkart.com/bajaj-majesty-dx-6-1000-w-dry-iron/p/itmefsj4zbthpsv7?pid=IRNEFSJ4CJHXSUW8&lid=LSTIRNEFSJ4CJHXSUW8DHBWEZ&marketplace=FLIPKART&srno=s_1_12&otracker=search&fm=organic&iid=d7b7bd89-e5ac-43d7-b3e0-3e2ac65af502.IRNEFSJ4CJHXSUW8.SEARCH&ssid=47gcn3r5k00000001599067771448&qH=9ca91fd2ee5f4b46
Mi Box 4k Media Streaming Device,"₹3,499",4.4,//img1a.flixcart.com/www/linchpin/fk-cp-zion/img/placeholder_9951d0.svg,https://www.flipkart.com/mi-box-4k-media-streaming-device/p/itma11fd77092000?pid=SELFQ6GTFUX9HEF5&lid=LSTSELFQ6GTFUX9HEF5E8JFTR&marketplace=FLIPKART&srno=s_1_13&otracker=search&fm=organic&iid=d7b7bd89-e5ac-43d7-b3e0-3e2ac65af502.SELFQ6GTFUX9HEF5.SEARCH&ssid=47gcn3r5k00000001599067771448&qH=9ca91fd2ee5f4b46
Beardo PR3058/59  Runtime: 45 min Trimmer for Men,"₹1,399",4.2,//img1a.flixcart.com/www/linchpin/fk-cp-zion/img/placeholder_9951d0.svg,https://www.flipkart.com/beardo-pr3058-59-runtime-45-min-trimmer-men/p/itm8713077ee0cef?pid=TMRFKH8DNJFR2DEU&lid=LSTTMRFKH8DNJFR2DEUUBNOXW&marketplace=FLIPKART&srno=s_1_14&otracker=search&fm=organic&iid=d7b7bd89-e5ac-43d7-b3e0-3e2ac65af502.TMRFKH8DNJFR2DEU.SEARCH&ssid=47gcn3r5k00000001599067771448&qH=9ca91fd2ee5f4b46
T TOPLINE Heart Rate Through Finger Pulse Oximeter + OL...,₹434,4,//img1a.flixcart.com/www/linchpin/fk-cp-zion/img/placeholder_9951d0.svg,https://www.flipkart.com/t-topline-heart-rate-through-finger-pulse-oximeter-oled-digital-spo2h-blood-oxygen-monitor-arterial-saturation-medical-health-monitoring-device-automatic-shutdown-carrying-bag-pouch-lanyard-hanging-cord-strap-fintertip-pulsioximetro-measuring-human-hemoglobin-blue/p/itm60d6f6f021634?pid=POXFTZD5UQ5FMFE8&lid=LSTPOXFTZD5UQ5FMFE8KRD0HB&marketplace=FLIPKART&srno=s_1_15&otracker=search&fm=organic&iid=d7b7bd89-e5ac-43d7-b3e0-3e2ac65af502.POXFTZD5UQ5FMFE8.SEARCH&ssid=47gcn3r5k00000001599067771448&qH=9ca91fd2ee5f4b46
Singer Aroma,₹699,4.2,//img1a.flixcart.com/www/linchpin/fk-cp-zion/img/placeholder_9951d0.svg,https://www.flipkart.com/singer-aroma-skt-180-ase-electric-kettle/p/itmf66zenyunntcy?pid=EKTF66ZECBVZQY7B&lid=LSTEKTF66ZECBVZQY7BQCB9E1&marketplace=FLIPKART&srno=s_1_16&otracker=search&fm=organic&iid=d7b7bd89-e5ac-43d7-b3e0-3e2ac65af502.EKTF66ZECBVZQY7B.SEARCH&ssid=47gcn3r5k00000001599067771448&qH=9ca91fd2ee5f4b46
Philips BT1215  Runtime: 60 min Trimmer for Men,"₹1,185",4.3,//img1a.flixcart.com/www/linchpin/fk-cp-zion/img/placeholder_9951d0.svg,https://www.flipkart.com/philips-bt1215-runtime-60-min-trimmer-men/p/itmad6001e5a40ff?pid=TMREW2GVGCGNSB73&lid=LSTTMREW2GVGCGNSB736D0AY5&marketplace=FLIPKART&srno=s_1_17&otracker=search&fm=organic&iid=d7b7bd89-e5ac-43d7-b3e0-3e2ac65af502.TMREW2GVGCGNSB73.SEARCH&ssid=47gcn3r5k00000001599067771448&qH=9ca91fd2ee5f4b46
BOYA By-m1 3.5mm Electret Condenser Microphone with 1/4...,₹817,4.2,//img1a.flixcart.com/www/linchpin/fk-cp-zion/img/placeholder_9951d0.svg,https://www.flipkart.com/boya-by-m1-3-5mm-electret-condenser-microphone-1-4-adapter-smartphones-dslr-camcorders/p/itmesee4czpnpkz8?pid=MICESEE4XAXRVDCE&lid=LSTMICESEE4XAXRVDCEHEED51&marketplace=FLIPKART&srno=s_1_18&otracker=search&fm=organic&iid=d7b7bd89-e5ac-43d7-b3e0-3e2ac65af502.MICESEE4XAXRVDCE.SEARCH&ssid=47gcn3r5k00000001599067771448&qH=9ca91fd2ee5f4b46
Dr Physio ,"₹1,299",4.3,//img1a.flixcart.com/www/linchpin/fk-cp-zion/img/placeholder_9951d0.svg,https://www.flipkart.com/physio-usa-1021-full-body-pains-relief-massager-machine-massage-electric-massagers-back-legs-foot-calf-neck-shoulder-head-vibration-men-women/p/itm9f9221cd22ce1?pid=MASFM6JGBCYBTWMG&lid=LSTMASFM6JGBCYBTWMGKLBZCQ&marketplace=FLIPKART&srno=s_1_19&otracker=search&fm=organic&iid=d7b7bd89-e5ac-43d7-b3e0-3e2ac65af502.MASFM6JGBCYBTWMG.SEARCH&ssid=47gcn3r5k00000001599067771448&qH=9ca91fd2ee5f4b46
Mi TV Stick with Built in Chromecast,"₹2,799",4,//img1a.flixcart.com/www/linchpin/fk-cp-zion/img/placeholder_9951d0.svg,https://www.flipkart.com/mi-tv-stick-built-chromecast/p/itmcc1b9852308a3?pid=SELFU4U5PF7TEBBV&lid=LSTSELFU4U5PF7TEBBVHG5QNR&marketplace=FLIPKART&srno=s_1_20&otracker=search&fm=organic&iid=d7b7bd89-e5ac-43d7-b3e0-3e2ac65af502.SELFU4U5PF7TEBBV.SEARCH&ssid=47gcn3r5k00000001599067771448&qH=9ca91fd2ee5f4b46
ILLUVATE Professional 1000 Watt Foldable Hair Dryer wit...,₹191,3.9,//img1a.flixcart.com/www/linchpin/fk-cp-zion/img/placeholder_9951d0.svg,https://www.flipkart.com/illuvate-professional-1000-watt-foldable-hair-dryer-2-speed-control-women-men-stylish-dryers/p/itma0fa44a7c541b?pid=HDRFMHRRUVSKGZRC&lid=LSTHDRFMHRRUVSKGZRCWFUKD4&marketplace=FLIPKART&srno=s_1_21&otracker=search&fm=organic&iid=d7b7bd89-e5ac-43d7-b3e0-3e2ac65af502.HDRFMHRRUVSKGZRC.SEARCH&ssid=47gcn3r5k00000001599067771448&qH=9ca91fd2ee5f4b46
Flipkart SmartBuy Cordless USB Trimmer for Men,₹749,4.2,//img1a.flixcart.com/www/linchpin/fk-cp-zion/img/placeholder_9951d0.svg,https://www.flipkart.com/flipkart-smartbuy-cordless-usb-trimmer-men/p/itm3642d46419afc?pid=TMRFAUKRZDZASHFG&lid=LSTTMRFAUKRZDZASHFG520O4Z&marketplace=FLIPKART&srno=s_1_22&otracker=search&fm=organic&iid=d7b7bd89-e5ac-43d7-b3e0-3e2ac65af502.TMRFAUKRZDZASHFG.SEARCH&ssid=47gcn3r5k00000001599067771448&qH=9ca91fd2ee5f4b46
Mobspy 3.5mm Clip Microphone For Youtube | Collar Mic f...,₹168,3.4,//img1a.flixcart.com/www/linchpin/fk-cp-zion/img/placeholder_9951d0.svg,https://www.flipkart.com/mobspy-3-5mm-clip-microphone-youtube-collar-mic-voice-recording-lapel-mobile-pc-laptop-android-smartphones-dslr-camera/p/itmf9vwrwy7qnxph?pid=MIAF9VVBGP4DMDPP&lid=LSTMIAF9VVBGP4DMDPPCSEE8C&marketplace=FLIPKART&srno=s_1_23&otracker=search&fm=organic&iid=d7b7bd89-e5ac-43d7-b3e0-3e2ac65af502.MIAF9VVBGP4DMDPP.SEARCH&ssid=47gcn3r5k00000001599067771448&qH=9ca91fd2ee5f4b46
Aastha All In One Vaporizer,₹203,3.7,//img1a.flixcart.com/www/linchpin/fk-cp-zion/img/placeholder_9951d0.svg,https://www.flipkart.com/aastha-all-one-vaporizer/p/itme5ffdzsxyarrg?pid=VAPE5FFDZKMA44WY&lid=LSTVAPE5FFDZKMA44WYMJROCW&marketplace=FLIPKART&srno=s_1_24&otracker=search&fm=organic&iid=d7b7bd89-e5ac-43d7-b3e0-3e2ac65af502.VAPE5FFDZKMA44WY.SEARCH&ssid=47gcn3r5k00000001599067771448&qH=9ca91fd2ee5f4b46
Unique Collections 881 881 Hair Straightener,₹215,3.6,//img1a.flixcart.com/www/linchpin/fk-cp-zion/img/placeholder_9951d0.svg,https://www.flipkart.com/unique-collections-881-hair-straightener/p/itm380f1c576ed2b?pid=HSTFGCKS7HGEPHBK&lid=LSTHSTFGCKS7HGEPHBKRXNDD9&marketplace=FLIPKART&srno=s_1_25&otracker=search&fm=organic&iid=d7b7bd89-e5ac-43d7-b3e0-3e2ac65af502.HSTFGCKS7HGEPHBK.SEARCH&ssid=47gcn3r5k00000001599067771448&qH=9ca91fd2ee5f4b46
Dr. Morepen GLUCO ONE BG-03 50 Glucometer Strips,₹630,4.4,//img1a.flixcart.com/www/linchpin/fk-cp-zion/img/placeholder_9951d0.svg,https://www.flipkart.com/dr-morepen-gluco-one-bg-03-50-glucometer-strips/p/itm50b818a05c5ef?pid=GLTFKYKSRXA7XS6Z&lid=LSTGLTFKYKSRXA7XS6Z2RMSHQ&marketplace=FLIPKART&srno=s_1_26&otracker=search&fm=organic&iid=d7b7bd89-e5ac-43d7-b3e0-3e2ac65af502.GLTFKYKSRXA7XS6Z.SEARCH&ssid=47gcn3r5k00000001599067771448&qH=9ca91fd2ee5f4b46
Aastha Electric 7 Egg Boiler Cooker Electric 7 Egg Boil...,₹352,4.1,//img1a.flixcart.com/www/linchpin/fk-cp-zion/img/placeholder_9951d0.svg,https://www.flipkart.com/aastha-electric-7-egg-boiler-cooker/p/itmfe4n5rkgpjuhf?pid=EGGFE45T7ZNDT6ZM&lid=LSTEGGFE45T7ZNDT6ZM0D1PQO&marketplace=FLIPKART&srno=s_1_27&otracker=search&fm=organic&iid=d7b7bd89-e5ac-43d7-b3e0-3e2ac65af502.EGGFE45T7ZNDT6ZM.SEARCH&ssid=47gcn3r5k00000001599067771448&qH=9ca91fd2ee5f4b46
KBOOM Camera Tripod Stand With 3-Way Head Tripod for Di...,₹365,3.5,//img1a.flixcart.com/www/linchpin/fk-cp-zion/img/placeholder_9951d0.svg,https://www.flipkart.com/kboom-camera-tripod-stand-3-way-head-digital-dv-camcorder-3110-mobile-phone-holder-mount/p/itmfbr49xbxarskj?pid=ACCFBNFB8HEHHPHW&lid=LSTACCFBNFB8HEHHPHWTWEKFN&marketplace=FLIPKART&srno=s_1_28&otracker=search&fm=organic&iid=d7b7bd89-e5ac-43d7-b3e0-3e2ac65af502.ACCFBNFB8HEHHPHW.SEARCH&ssid=47gcn3r5k00000001599067771448&qH=9ca91fd2ee5f4b46
"Bluedrum Car Mobile Holder for Windshield, Dashboard",₹149,3.3,//img1a.flixcart.com/www/linchpin/fk-cp-zion/img/placeholder_9951d0.svg,https://www.flipkart.com/bluedrum-car-mobile-holder-windshield-dashboard/p/itmfbzczf8xgvu5c?pid=ACCFBZCZF8HVEQYX&lid=LSTACCFBZCZF8HVEQYXVYP9UP&marketplace=FLIPKART&srno=s_1_29&otracker=search&fm=organic&iid=d7b7bd89-e5ac-43d7-b3e0-3e2ac65af502.ACCFBZCZF8HVEQYX.SEARCH&ssid=47gcn3r5k00000001599067771448&qH=9ca91fd2ee5f4b46
JD WS-858 Wireless Handheld Bluetooth Mic with Speaker ...,₹385,3.3,//img1a.flixcart.com/www/linchpin/fk-cp-zion/img/placeholder_9951d0.svg,https://www.flipkart.com/jd-ws-858-wireless-handheld-bluetooth-mic-speaker-bluetooth-speaker-audio-recording-karaoke-feature-microphone-858/p/itmf48uqxxnwfgcc?pid=MIAF48PGVUEUGSCM&lid=LSTMIAF48PGVUEUGSCM5DQTJL&marketplace=FLIPKART&srno=s_1_30&otracker=search&fm=organic&iid=d7b7bd89-e5ac-43d7-b3e0-3e2ac65af502.MIAF48PGVUEUGSCM.SEARCH&ssid=47gcn3r5k00000001599067771448&qH=9ca91fd2ee5f4b46
Kemei Professional KM 609 Hair Clipper  Runtime: 60 min...,₹614,4.1,//img1a.flixcart.com/www/linchpin/fk-cp-zion/img/placeholder_9951d0.svg,https://www.flipkart.com/kemei-professional-km-609-hair-clipper-runtime-60-min-trimmer-men/p/itm89526b9b00507?pid=TMRFS4NQ9KZZZKZY&lid=LSTTMRFS4NQ9KZZZKZYFIIR9Q&marketplace=FLIPKART&srno=s_1_31&otracker=search&fm=organic&iid=d7b7bd89-e5ac-43d7-b3e0-3e2ac65af502.TMRFS4NQ9KZZZKZY.SEARCH&ssid=47gcn3r5k00000001599067771448&qH=9ca91fd2ee5f4b46
Kent Ace 8 L RO + UV + UF + TDS Water Purifier,"₹12,499",4.3,//img1a.flixcart.com/www/linchpin/fk-cp-zion/img/placeholder_9951d0.svg,https://www.flipkart.com/kent-ace-8-l-ro-uv-uf-tds-water-purifier/p/itmb4f260eff1e5a?pid=WAPFSJZAEKGQCNZF&lid=LSTWAPFSJZAEKGQCNZFCLIFVL&marketplace=FLIPKART&srno=s_1_32&otracker=search&fm=organic&iid=d7b7bd89-e5ac-43d7-b3e0-3e2ac65af502.WAPFSJZAEKGQCNZF.SEARCH&ssid=47gcn3r5k00000001599067771448&qH=9ca91fd2ee5f4b46
Dr. Trust ,"₹2,499",4.4,//img1a.flixcart.com/www/linchpin/fk-cp-zion/img/placeholder_9951d0.svg,https://www.flipkart.com/dr-trust-usa-model-210-fingertip-oxy-meter-finger-oxygen-saturation-heart-rate-monitor-pulse-oximeter/p/itm06488e87d0590?pid=POXFSV7HAUFTVHBS&lid=LSTPOXFSV7HAUFTVHBS5SFTX9&marketplace=FLIPKART&srno=s_1_33&otracker=search&fm=organic&iid=d7b7bd89-e5ac-43d7-b3e0-3e2ac65af502.POXFSV7HAUFTVHBS.SEARCH&ssid=47gcn3r5k00000001599067771448&qH=9ca91fd2ee5f4b46
Philips HP8100/60 Hair Dryer,₹749,4.2,//img1a.flixcart.com/www/linchpin/fk-cp-zion/img/placeholder_9951d0.svg,https://www.flipkart.com/philips-hp8100-60-hair-dryer/p/itmff6qnhzbshgwt?pid=HDRFF2VTK5ZWYV63&lid=LSTHDRFF2VTK5ZWYV63H3IGFT&marketplace=FLIPKART&srno=s_1_34&otracker=search&fm=organic&iid=d7b7bd89-e5ac-43d7-b3e0-3e2ac65af502.HDRFF2VTK5ZWYV63.SEARCH&ssid=47gcn3r5k00000001599067771448&qH=9ca91fd2ee5f4b46
Syska Power Wheel Extension Board 3  Socket Extension B...,₹249,4.3,//img1a.flixcart.com/www/linchpin/fk-cp-zion/img/placeholder_9951d0.svg,https://www.flipkart.com/syska-power-wheel-extension-board-3-socket-boards/p/itmemjx2hj2hurua?pid=SUREMJX2359M8G48&lid=LSTSUREMJX2359M8G48OXAR2J&marketplace=FLIPKART&srno=s_1_35&otracker=search&fm=organic&iid=d7b7bd89-e5ac-43d7-b3e0-3e2ac65af502.SUREMJX2359M8G48.SEARCH&ssid=47gcn3r5k00000001599067771448&qH=9ca91fd2ee5f4b46
MCP 3 in 1 Steamer Vaporizer,₹319,3.8,//img1a.flixcart.com/www/linchpin/fk-cp-zion/img/placeholder_9951d0.svg,https://www.flipkart.com/mcp-3-1-steamer-vaporizer/p/itmf3ahmvvfemvxy?pid=VAPF3ACKZDGDJ8ZQ&lid=LSTVAPF3ACKZDGDJ8ZQUNXN7F&marketplace=FLIPKART&srno=s_1_36&otracker=search&fm=organic&iid=d7b7bd89-e5ac-43d7-b3e0-3e2ac65af502.VAPF3ACKZDGDJ8ZQ.SEARCH&ssid=47gcn3r5k00000001599067771448&qH=9ca91fd2ee5f4b46
Zilant 6 mm Automatic Personal Digital Weight Machine W...,₹889,4.1,//img1a.flixcart.com/www/linchpin/fk-cp-zion/img/placeholder_9951d0.svg,https://www.flipkart.com/zilant-6-mm-automatic-personal-digital-weight-machine-large-lcd-display-4-sensor-technology-accurate-measurement-weighing-scale/p/itmfew9w7xeqz97j?pid=WSLFEUXEH3YBRQBE&lid=LSTWSLFEUXEH3YBRQBENXM45L&marketplace=FLIPKART&srno=s_1_37&otracker=search&fm=organic&iid=d7b7bd89-e5ac-43d7-b3e0-3e2ac65af502.WSLFEUXEH3YBRQBE.SEARCH&ssid=47gcn3r5k00000001599067771448&qH=9ca91fd2ee5f4b46
Nova Plus 1100 W Amaze NI 30 1100 W Dry Iron,₹426,4.2,//img1a.flixcart.com/www/linchpin/fk-cp-zion/img/placeholder_9951d0.svg,https://www.flipkart.com/nova-plus-1100-w-amaze-ni-30-dry-iron/p/itmfc3adfr3tzyqz?pid=IRNFCYRFJFFGGKZ5&lid=LSTIRNFCYRFJFFGGKZ5CJRJPC&marketplace=FLIPKART&srno=s_1_38&otracker=search&fm=organic&iid=d7b7bd89-e5ac-43d7-b3e0-3e2ac65af502.IRNFCYRFJFFGGKZ5.SEARCH&ssid=47gcn3r5k00000001599067771448&qH=9ca91fd2ee5f4b46
HUMBLE KART 04 pcs Unbreakable 100% ABS plastic Fridge ...,₹197,3.9,//img1a.flixcart.com/www/linchpin/fk-cp-zion/img/placeholder_9951d0.svg,https://www.flipkart.com/humble-kart-04-pcs-unbreakable-100-abs-plastic-fridge-door-shelf/p/itm0d0eb748a3cdb?pid=FDSFQYD4NFHDZTTG&lid=LSTFDSFQYD4NFHDZTTGEGPSRZ&marketplace=FLIPKART&srno=s_1_39&otracker=search&fm=organic&iid=d7b7bd89-e5ac-43d7-b3e0-3e2ac65af502.FDSFQYD4NFHDZTTG.SEARCH&ssid=47gcn3r5k00000001599067771448&qH=9ca91fd2ee5f4b46
Kemei sourceindiastore-Kemei-KM-328 Hair Straightener,₹299,3.9,//img1a.flixcart.com/www/linchpin/fk-cp-zion/img/placeholder_9951d0.svg,https://www.flipkart.com/kemei-sourceindiastore-kemei-km-328-hair-straightener/p/itmc346e1b32807c?pid=HSTF7E8ZPWA9KNT5&lid=LSTHSTF7E8ZPWA9KNT5OMNKZO&marketplace=FLIPKART&srno=s_1_40&otracker=search&fm=organic&iid=d7b7bd89-e5ac-43d7-b3e0-3e2ac65af502.HSTF7E8ZPWA9KNT5.SEARCH&ssid=47gcn3r5k00000001599067771448&qH=9ca91fd2ee5f4b46
