 The Rudest Book Ever,₹213,4.6,https://rukminim1.flixcart.com/image/612/612/k3dc7m80/book/4/3/9/the-rudest-book-ever-original-imafmgbcvbwrztbt.jpeg?q=70,https://www.flipkart.com/rudest-book-ever/p/itm0117279877212?pid=9789388754439&lid=LSTBOK9789388754439QICDPM&marketplace=FLIPKART&srno=s_1_1&otracker=search&fm=organic&iid=11ae5903-1245-4d58-98d2-0f69fbf4ce74.9789388754439.SEARCH&ssid=mhgsji9zk00000001599124367474&qH=88cee4353871f2b8
 The Power of your Subconscious Mind,₹141,4.5,https://rukminim1.flixcart.com/image/612/612/jza5uvk0/book/9/6/3/the-power-of-your-subconscious-mind-original-imafjc6fcuqq6k9y.jpeg?q=70,https://www.flipkart.com/power-your-subconscious-mind/p/itmfc599jmcfhhwm?pid=9788192910963&lid=LSTBOK9788192910963MJHFLY&marketplace=FLIPKART&srno=s_1_2&otracker=search&fm=organic&iid=11ae5903-1245-4d58-98d2-0f69fbf4ce74.9788192910963.SEARCH&ssid=mhgsji9zk00000001599124367474&qH=88cee4353871f2b8
 Life's Amazing Secrets,₹171,4.6,https://rukminim1.flixcart.com/image/612/612/ke353m80/book/2/9/5/life-s-amazing-secrets-original-imafuutzygmpqcgh.jpeg?q=70,https://www.flipkart.com/life-s-amazing-secrets/p/itmf76z4byzrhjcz?pid=9780143442295&lid=LSTBOK9780143442295A5LQCG&marketplace=FLIPKART&srno=s_1_3&otracker=search&fm=organic&iid=11ae5903-1245-4d58-98d2-0f69fbf4ce74.9780143442295.SEARCH&ssid=mhgsji9zk00000001599124367474&qH=88cee4353871f2b8
 Believe in Yourself,₹86,4.3,https://rukminim1.flixcart.com/image/612/612/jpu324w0/book/0/9/0/believe-in-yourself-original-imafbzz2h7yfg5zz.jpeg?q=70,https://www.flipkart.com/believe-in-yourself/p/itmfc69dk7kwscgz?pid=9788183225090&lid=LSTBOK97881832250901QFBYC&marketplace=FLIPKART&srno=s_1_4&otracker=search&fm=organic&iid=11ae5903-1245-4d58-98d2-0f69fbf4ce74.9788183225090.SEARCH&ssid=mhgsji9zk00000001599124367474&qH=88cee4353871f2b8
 Attitude is Everything: Change Your Attitude ... Change...,₹119,4.5,https://rukminim1.flixcart.com/image/612/612/book/0/7/1/attitude-is-everything-change-your-attitudechange-your-life-original-imae7c3vt44hfvjr.jpeg?q=70,https://www.flipkart.com/attitude-everything-change-your-life/p/itme7vv8ghzze34j?pid=9789351772071&lid=LSTBOK97893517720710CDYJK&marketplace=FLIPKART&srno=s_1_5&otracker=search&fm=organic&iid=11ae5903-1245-4d58-98d2-0f69fbf4ce74.9789351772071.SEARCH&ssid=mhgsji9zk00000001599124367474&qH=88cee4353871f2b8
 The Subtle Art of Not Giving a F*Ck - A Counterintuitiv...,₹299,4.6,https://rukminim1.flixcart.com/image/612/612/jph83gw0/book/5/4/0/the-subtle-art-of-not-giving-a-f-ck-original-imafbps4mckk9kru.jpeg?q=70,https://www.flipkart.com/subtle-art-not-giving-f-ck-counterintuitive-approach-living-good-life/p/itmepqjjcmduyzew?pid=9780062641540&lid=LSTBOK9780062641540JTOU3H&marketplace=FLIPKART&srno=s_1_6&otracker=search&fm=organic&iid=11ae5903-1245-4d58-98d2-0f69fbf4ce74.9780062641540.SEARCH&ssid=mhgsji9zk00000001599124367474&qH=88cee4353871f2b8
 Questions are the Answers,₹103,4.4,https://rukminim1.flixcart.com/image/612/612/book/0/5/9/questions-are-the-answers-original-imadsqgtwqpbmbaz.jpeg?q=70,https://www.flipkart.com/questions-are-the-answers/p/itmezunpgnwnrdgt?pid=9788186775059&lid=LSTBOK9788186775059VCGKIN&marketplace=FLIPKART&srno=s_1_7&otracker=search&fm=organic&iid=11ae5903-1245-4d58-98d2-0f69fbf4ce74.9788186775059.SEARCH&ssid=mhgsji9zk00000001599124367474&qH=88cee4353871f2b8
 Jeetna Hai to Jid Karo,₹96,4.4,https://rukminim1.flixcart.com/image/612/612/kbcjpu80/book/0/5/3/jeetna-hai-to-jid-karo-original-imafspq6gbdgmggb.jpeg?q=70,https://www.flipkart.com/jeetna-hai-jid-karo/p/itme24kksw97pzng?pid=9789351767053&lid=LSTBOK97893517670532WTWYY&marketplace=FLIPKART&srno=s_1_8&otracker=search&fm=organic&iid=11ae5903-1245-4d58-98d2-0f69fbf4ce74.9789351767053.SEARCH&ssid=mhgsji9zk00000001599124367474&qH=88cee4353871f2b8
 Rich Dad Poor Dad,₹228,4.4,//img1a.flixcart.com/www/linchpin/fk-cp-zion/img/placeholder_9951d0.svg,https://www.flipkart.com/rich-dad-poor/p/itmfeesg9hzqqetb?pid=9781612680194&lid=LSTBOK9781612680194XY5H9G&marketplace=FLIPKART&srno=s_1_9&otracker=search&fm=organic&iid=11ae5903-1245-4d58-98d2-0f69fbf4ce74.9781612680194.SEARCH&ssid=mhgsji9zk00000001599124367474&qH=88cee4353871f2b8
 You Can Win,₹245,4.5,//img1a.flixcart.com/www/linchpin/fk-cp-zion/img/placeholder_9951d0.svg,https://www.flipkart.com/you-can-win/p/itmfc5dutwsbvahs?pid=9789382951711&lid=LSTBOK97893829517119LGZBM&marketplace=FLIPKART&srno=s_1_10&otracker=search&fm=organic&iid=11ae5903-1245-4d58-98d2-0f69fbf4ce74.9789382951711.SEARCH&ssid=mhgsji9zk00000001599124367474&qH=88cee4353871f2b8
 Rich Dad Poor Dad,₹245,4.4,//img1a.flixcart.com/www/linchpin/fk-cp-zion/img/placeholder_9951d0.svg,https://www.flipkart.com/rich-dad-poor/p/itmfeesg9hzqqetb?pid=9781612680019&lid=LSTBOK9781612680019NIA2QI&marketplace=FLIPKART&srno=s_1_11&otracker=search&fm=organic&iid=11ae5903-1245-4d58-98d2-0f69fbf4ce74.9781612680019.SEARCH&ssid=mhgsji9zk00000001599124367474&qH=88cee4353871f2b8
 Ignited Minds - Unleashing the Power within India,₹129,4.6,//img1a.flixcart.com/www/linchpin/fk-cp-zion/img/placeholder_9951d0.svg,https://www.flipkart.com/ignited-minds-unleashing-power-within-india/p/itmfygq8hqqsuhyy?pid=9780143424123&lid=LSTBOK9780143424123OPJHGC&marketplace=FLIPKART&srno=s_1_12&otracker=search&fm=organic&iid=11ae5903-1245-4d58-98d2-0f69fbf4ce74.9780143424123.SEARCH&ssid=mhgsji9zk00000001599124367474&qH=88cee4353871f2b8
 Think & Grow Rich!,₹159,4.5,//img1a.flixcart.com/www/linchpin/fk-cp-zion/img/placeholder_9951d0.svg,https://www.flipkart.com/think-grow-rich/p/itmevd3wqye4zjte?pid=9788179927922&lid=LSTBOK9788179927922JRRJQP&marketplace=FLIPKART&srno=s_1_13&otracker=search&fm=organic&iid=11ae5903-1245-4d58-98d2-0f69fbf4ce74.9788179927922.SEARCH&ssid=mhgsji9zk00000001599124367474&qH=88cee4353871f2b8
 Feel Deal Heal,₹236,4.8,//img1a.flixcart.com/www/linchpin/fk-cp-zion/img/placeholder_9951d0.svg,https://www.flipkart.com/feel-deal-heal/p/itmdyu54xu8upnqf?pid=9788175994454&lid=LSTBOK9788175994454GYXGRA&marketplace=FLIPKART&srno=s_1_14&otracker=search&fm=organic&iid=en_a2fbkIvI3O4UvwFeIJ7ZrpFveLx8QUyKnoM1FWbW7IwZLN72JEa7pHrxCX9uDosG8%2FedM6RasH3VJfyddERuuA%3D%3D&ssid=mhgsji9zk00000001599124367474&qH=88cee4353871f2b8
 The Monk Who Sold His Ferrari,₹156,4.5,//img1a.flixcart.com/www/linchpin/fk-cp-zion/img/placeholder_9951d0.svg,https://www.flipkart.com/monk-sold-his-ferrari/p/itmfc7hkcke9bnyh?pid=9788179921623&lid=LSTBOK97881799216236EEQJ4&marketplace=FLIPKART&srno=s_1_15&otracker=search&fm=organic&iid=11ae5903-1245-4d58-98d2-0f69fbf4ce74.9788179921623.SEARCH&ssid=mhgsji9zk00000001599124367474&qH=88cee4353871f2b8
 Ikigai - The Japanese Secret to a Long and Happy Life,₹284,4.5,//img1a.flixcart.com/www/linchpin/fk-cp-zion/img/placeholder_9951d0.svg,https://www.flipkart.com/ikigai-japanese-secret-long-happy-life/p/itmf6tphzunajmgh?pid=9781786330895&lid=LSTBOK9781786330895HX3XM9&marketplace=FLIPKART&srno=s_1_16&otracker=search&fm=organic&iid=11ae5903-1245-4d58-98d2-0f69fbf4ce74.9781786330895.SEARCH&ssid=mhgsji9zk00000001599124367474&qH=88cee4353871f2b8
 The Power of Your Subconscious Mind - Unlock Your Maste...,₹94,4.5,//img1a.flixcart.com/www/linchpin/fk-cp-zion/img/placeholder_9951d0.svg,https://www.flipkart.com/power-your-subconscious-mind-unlock-master-key-success/p/itmfc599jmcfhhwm?pid=9788172345662&lid=LSTBOK9788172345662QK6IL5&marketplace=FLIPKART&srno=s_1_17&otracker=search&fm=organic&iid=11ae5903-1245-4d58-98d2-0f69fbf4ce74.9788172345662.SEARCH&ssid=mhgsji9zk00000001599124367474&qH=88cee4353871f2b8
 Sawal hi jawab hai,₹96,4.4,//img1a.flixcart.com/www/linchpin/fk-cp-zion/img/placeholder_9951d0.svg,https://www.flipkart.com/sawal-hi-jawab-hai/p/itmcad4cc9905728?pid=9788186775066&lid=LSTBOK97881867750667LGJA7&marketplace=FLIPKART&srno=s_1_18&otracker=search&fm=organic&iid=11ae5903-1245-4d58-98d2-0f69fbf4ce74.9788186775066.SEARCH&ssid=mhgsji9zk00000001599124367474&qH=88cee4353871f2b8
 Death; An Inside Story,₹178,4.7,//img1a.flixcart.com/www/linchpin/fk-cp-zion/img/placeholder_9951d0.svg,https://www.flipkart.com/death-inside-story/p/itma6748d64c5c44?pid=9780143450832&lid=LSTBOK9780143450832KCTL4V&marketplace=FLIPKART&srno=s_1_19&otracker=search&fm=organic&iid=11ae5903-1245-4d58-98d2-0f69fbf4ce74.9780143450832.SEARCH&ssid=mhgsji9zk00000001599124367474&qH=88cee4353871f2b8
 Quantitative Aptitude for CAT & other MBA Entrance Exam...,₹599,4.3,//img1a.flixcart.com/www/linchpin/fk-cp-zion/img/placeholder_9951d0.svg,https://www.flipkart.com/quantitative-aptitude-cat-other-mba-entrance-exams-4th/p/itm8c4d7a5b0f634?pid=9789387421813&lid=LSTBOK9789387421813C4DOZU&marketplace=FLIPKART&srno=s_1_20&otracker=search&fm=organic&iid=en_a2fbkIvI3O4UvwFeIJ7ZrpFveLx8QUyKnoM1FWbW7IyO%2FjBdhnevFrmHGc6gpIgWzgQou%2F8ie1FS%2F97vLT%2FmGA%3D%3D&ssid=mhgsji9zk00000001599124367474&qH=88cee4353871f2b8
 Rich Dad Poor Dad,₹243,4.4,//img1a.flixcart.com/www/linchpin/fk-cp-zion/img/placeholder_9951d0.svg,https://www.flipkart.com/rich-dad-poor/p/itmfeesg9hzqqetb?pid=9788183221191&lid=LSTBOK9788183221191OWPULK&marketplace=FLIPKART&srno=s_1_21&otracker=search&fm=organic&iid=11ae5903-1245-4d58-98d2-0f69fbf4ce74.9788183221191.SEARCH&ssid=mhgsji9zk00000001599124367474&qH=88cee4353871f2b8
 Lok Vyavahar,₹357,4.4,//img1a.flixcart.com/www/linchpin/fk-cp-zion/img/placeholder_9951d0.svg,https://www.flipkart.com/lok-vyavahar/p/itmdyuztcwrsdhzp?pid=9789352664894&lid=LSTBOK9789352664894QRJLEB&marketplace=FLIPKART&srno=s_1_22&otracker=search&fm=organic&iid=11ae5903-1245-4d58-98d2-0f69fbf4ce74.9789352664894.SEARCH&ssid=mhgsji9zk00000001599124367474&qH=88cee4353871f2b8
 Mujhe Bananaa Hai Upsc Topper,₹357,4.5,//img1a.flixcart.com/www/linchpin/fk-cp-zion/img/placeholder_9951d0.svg,https://www.flipkart.com/mujhe-bananaa-hai-upsc-topper/p/itmde89a93d163fa?pid=9789386300829&lid=LSTBOK9789386300829DK1J3N&marketplace=FLIPKART&srno=s_1_23&otracker=search&fm=organic&iid=11ae5903-1245-4d58-98d2-0f69fbf4ce74.9789386300829.SEARCH&ssid=mhgsji9zk00000001599124367474&qH=88cee4353871f2b8
 How to Win Friends and Influence People - The First and...,₹184,4.4,//img1a.flixcart.com/www/linchpin/fk-cp-zion/img/placeholder_9951d0.svg,https://www.flipkart.com/win-friends-influence-people-first-still-best-book-its-kind-self-help/p/itmf6fx43ppuhwwy?pid=9788170263784&lid=LSTBOK9788170263784ABUD1U&marketplace=FLIPKART&srno=s_1_24&otracker=search&fm=organic&iid=en_a2fbkIvI3O4UvwFeIJ7ZrpFveLx8QUyKnoM1FWbW7Izz9CTR9SPH7zFD7bYJSgANcazBNFQ1R9KDDlXmds8hPA%3D%3D&ssid=mhgsji9zk00000001599124367474&qH=88cee4353871f2b8
 Think and Grow Rich,₹199,4.5,//img1a.flixcart.com/www/linchpin/fk-cp-zion/img/placeholder_9951d0.svg,https://www.flipkart.com/think-grow-rich/p/itmetgycujwexyqh?pid=9789380494135&lid=LSTBOK9789380494135GZFBBT&marketplace=FLIPKART&srno=s_1_25&otracker=search&fm=organic&iid=11ae5903-1245-4d58-98d2-0f69fbf4ce74.9789380494135.SEARCH&ssid=mhgsji9zk00000001599124367474&qH=88cee4353871f2b8
 How to Win Friends and Influence People - The First and...,₹199,4.5,//img1a.flixcart.com/www/linchpin/fk-cp-zion/img/placeholder_9951d0.svg,https://www.flipkart.com/win-friends-influence-people-first-still-best-book-its-kind-self-help/p/itmfcqb2at68qsjr?pid=9789380494340&lid=LSTBOK9789380494340ISVICU&marketplace=FLIPKART&srno=s_1_26&otracker=search&fm=organic&iid=11ae5903-1245-4d58-98d2-0f69fbf4ce74.9789380494340.SEARCH&ssid=mhgsji9zk00000001599124367474&qH=88cee4353871f2b8
 Questions are the Answers,₹93,4.3,//img1a.flixcart.com/www/linchpin/fk-cp-zion/img/placeholder_9951d0.svg,https://www.flipkart.com/questions-are-the-answers/p/itmezunpgnwnrdgt?pid=9788183222372&lid=LSTBOK9788183222372AJXZXD&marketplace=FLIPKART&srno=s_1_27&otracker=search&fm=organic&iid=11ae5903-1245-4d58-98d2-0f69fbf4ce74.9788183222372.SEARCH&ssid=mhgsji9zk00000001599124367474&qH=88cee4353871f2b8
 Psychology ,₹599,4.5,//img1a.flixcart.com/www/linchpin/fk-cp-zion/img/placeholder_9951d0.svg,https://www.flipkart.com/psychology-adaptation-four-colour-indian-subcontinent-5/p/itmehref9ecyrxzb?pid=9789332558540&lid=LSTBOK9789332558540VRMEH7&marketplace=FLIPKART&srno=s_1_28&otracker=search&fm=organic&iid=11ae5903-1245-4d58-98d2-0f69fbf4ce74.9789332558540.SEARCH&ssid=mhgsji9zk00000001599124367474&qH=88cee4353871f2b8
 Lok Vyavahar,₹125,4.4,//img1a.flixcart.com/www/linchpin/fk-cp-zion/img/placeholder_9951d0.svg,https://www.flipkart.com/lok-vyavahar/p/itmdyuztcwrsdhzp?pid=9788186775424&lid=LSTBOK9788186775424FYWRHV&marketplace=FLIPKART&srno=s_1_29&otracker=search&fm=organic&iid=11ae5903-1245-4d58-98d2-0f69fbf4ce74.9788186775424.SEARCH&ssid=mhgsji9zk00000001599124367474&qH=88cee4353871f2b8
 Vedic Astrology,₹288,None,//img1a.flixcart.com/www/linchpin/fk-cp-zion/img/placeholder_9951d0.svg,https://www.flipkart.com/vedic-astrology/p/itmebvbpdbsyknrz?pid=9788184986204&lid=LSTBOK9788184986204FA2NTH&marketplace=FLIPKART&srno=s_1_30&otracker=search&fm=organic&iid=en_a2fbkIvI3O4UvwFeIJ7ZrpFveLx8QUyKnoM1FWbW7IzOI9YJbanY3kgtBPObTiPe7ID5AnA5v66VVE%2FQgpmyYQ%3D%3D&ssid=mhgsji9zk00000001599124367474&qH=88cee4353871f2b8
 Rich Dad Poor Dad,₹210,4.5,//img1a.flixcart.com/www/linchpin/fk-cp-zion/img/placeholder_9951d0.svg,https://www.flipkart.com/rich-dad-poor/p/itmfeesg9hzqqetb?pid=9788183220378&lid=LSTBOK9788183220378BP4F0L&marketplace=FLIPKART&srno=s_1_31&otracker=search&fm=organic&iid=11ae5903-1245-4d58-98d2-0f69fbf4ce74.9788183220378.SEARCH&ssid=mhgsji9zk00000001599124367474&qH=88cee4353871f2b8
 Secrets of the Millionare Mind,₹180,4.5,//img1a.flixcart.com/www/linchpin/fk-cp-zion/img/placeholder_9951d0.svg,https://www.flipkart.com/secrets-millionare-mind/p/itmfbpr8qyg5s484?pid=9788183221115&lid=LSTBOK97881832211157C4VNI&marketplace=FLIPKART&srno=s_1_32&otracker=search&fm=organic&iid=11ae5903-1245-4d58-98d2-0f69fbf4ce74.9788183221115.SEARCH&ssid=mhgsji9zk00000001599124367474&qH=88cee4353871f2b8
 Think Like a Monk - Train Your Mind for Peace and Purpo...,₹393,None,//img1a.flixcart.com/www/linchpin/fk-cp-zion/img/placeholder_9951d0.svg,https://www.flipkart.com/think-like-monk-train-your-mind-peace-purpose-every-day/p/itm7aa0c08edb6a1?pid=9780008386597&lid=LSTBOK9780008386597YY5U4Y&marketplace=FLIPKART&srno=s_1_33&otracker=search&fm=organic&iid=11ae5903-1245-4d58-98d2-0f69fbf4ce74.9780008386597.SEARCH&ssid=mhgsji9zk00000001599124367474&qH=88cee4353871f2b8
 Tarunyachya ubarthyavar,₹162,None,//img1a.flixcart.com/www/linchpin/fk-cp-zion/img/placeholder_9951d0.svg,https://www.flipkart.com/tarunyachya-ubarthyavar/p/itmfc7vkngtxbfgr?pid=9789383678532&lid=LSTBOK9789383678532XZ46A1&marketplace=FLIPKART&srno=s_1_34&otracker=search&fm=organic&iid=en_a2fbkIvI3O4UvwFeIJ7ZrpFveLx8QUyKnoM1FWbW7IxwKLiRJQhcKKoLuAVYLOb5sSzIF5fiEjfmcYtgbMEFnA%3D%3D&ssid=mhgsji9zk00000001599124367474&qH=88cee4353871f2b8
 The Malayala Manorama English Yearbook 2020,₹246,4.5,//img1a.flixcart.com/www/linchpin/fk-cp-zion/img/placeholder_9951d0.svg,https://www.flipkart.com/malayala-manorama-english-yearbook-2020/p/itmfc6ca73f58698?pid=9788194229995&lid=LSTBOK9788194229995GW5JML&marketplace=FLIPKART&srno=s_1_35&otracker=search&fm=organic&iid=11ae5903-1245-4d58-98d2-0f69fbf4ce74.9788194229995.SEARCH&ssid=mhgsji9zk00000001599124367474&qH=88cee4353871f2b8
 Rich Dad Poor Dad,₹186,4.5,//img1a.flixcart.com/www/linchpin/fk-cp-zion/img/placeholder_9951d0.svg,https://www.flipkart.com/rich-dad-poor/p/itmfeesg9hzqqetb?pid=9788186775738&lid=LSTBOK9788186775738AMR4MU&marketplace=FLIPKART&srno=s_1_36&otracker=search&fm=organic&iid=11ae5903-1245-4d58-98d2-0f69fbf4ce74.9788186775738.SEARCH&ssid=mhgsji9zk00000001599124367474&qH=88cee4353871f2b8
 Time Management,₹79,4.4,//img1a.flixcart.com/www/linchpin/fk-cp-zion/img/placeholder_9951d0.svg,https://www.flipkart.com/time-management/p/itmdyuq9nrz5wsh4?pid=9788183220187&lid=LSTBOK97881832201878ZLDOR&marketplace=FLIPKART&srno=s_1_37&otracker=search&fm=organic&iid=11ae5903-1245-4d58-98d2-0f69fbf4ce74.9788183220187.SEARCH&ssid=mhgsji9zk00000001599124367474&qH=88cee4353871f2b8
 How to Win Friends & Influence People,₹140,4.4,//img1a.flixcart.com/www/linchpin/fk-cp-zion/img/placeholder_9951d0.svg,https://www.flipkart.com/win-friends-influence-people/p/itmfcqb2at68qsjr?pid=9789352663729&lid=LSTBOK9789352663729Z9CMEQ&marketplace=FLIPKART&srno=s_1_38&otracker=search&fm=organic&iid=11ae5903-1245-4d58-98d2-0f69fbf4ce74.9789352663729.SEARCH&ssid=mhgsji9zk00000001599124367474&qH=88cee4353871f2b8
 The Power of Your Subconscious Mind,₹150,4.5,//img1a.flixcart.com/www/linchpin/fk-cp-zion/img/placeholder_9951d0.svg,https://www.flipkart.com/power-your-subconscious-mind/p/itmfc599jmcfhhwm?pid=9780486478999&lid=LSTBOK9780486478999HQNJHF&marketplace=FLIPKART&srno=s_1_39&otracker=search&fm=organic&iid=11ae5903-1245-4d58-98d2-0f69fbf4ce74.9780486478999.SEARCH&ssid=mhgsji9zk00000001599124367474&qH=88cee4353871f2b8
 Prabhavi Bolnyachi 40 Sutre,₹150,None,//img1a.flixcart.com/www/linchpin/fk-cp-zion/img/placeholder_9951d0.svg,https://www.flipkart.com/prabhavi-bolnyachi-40-sutre/p/itm768bce3ad64b9?pid=9788177865523&lid=LSTBOK9788177865523LTMHEI&marketplace=FLIPKART&srno=s_1_40&otracker=search&fm=organic&iid=en_a2fbkIvI3O4UvwFeIJ7ZrpFveLx8QUyKnoM1FWbW7Iz%2BctC%2BZ8MeWHsi9PWDVGQ8iE0IXyBfLdB%2F68rVIH7V%2Bw%3D%3D&ssid=mhgsji9zk00000001599124367474&qH=88cee4353871f2b8
